epoch,accuracy,loss,val_accuracy,val_loss
1,0.515625,0.7596743702888489,0.4791666567325592,0.7247398495674133
2,0.5416666865348816,0.7330500483512878,0.5208333134651184,0.7069911956787109
3,0.5520833134651184,0.7115630507469177,0.5208333134651184,0.6924297213554382
4,0.5625,0.693760097026825,0.5416666865348816,0.6797227263450623
5,0.6041666865348816,0.6786578297615051,0.5625,0.66922527551651
6,0.625,0.6654677391052246,0.6041666865348816,0.660028874874115
7,0.6354166865348816,0.6537981629371643,0.6041666865348816,0.6509749293327332
8,0.65625,0.6425504088401794,0.625,0.6418949961662292
9,0.6822916865348816,0.6313998699188232,0.625,0.6326947212219238
10,0.6927083134651184,0.6201996803283691,0.625,0.6234548687934875
11,0.7135416865348816,0.6089579463005066,0.6875,0.6136277318000793
12,0.7135416865348816,0.5972912907600403,0.6666666865348816,0.6029888391494751
13,0.7291666865348816,0.5846096873283386,0.6666666865348816,0.5917255282402039
14,0.734375,0.5708556175231934,0.6875,0.580279529094696
15,0.7291666865348816,0.5564641952514648,0.6666666865348816,0.5681867003440857
16,0.7447916865348816,0.5415050387382507,0.6875,0.5562134385108948
17,0.765625,0.5263378024101257,0.7083333134651184,0.5442612171173096
18,0.7760416865348816,0.5112308263778687,0.7083333134651184,0.5329248905181885
19,0.796875,0.49631747603416443,0.7291666865348816,0.5225088596343994
20,0.8125,0.481130450963974,0.75,0.5123680233955383
21,0.8125,0.46613895893096924,0.7708333134651184,0.5026728510856628
22,0.8125,0.45116376876831055,0.7916666865348816,0.49398526549339294
23,0.8177083134651184,0.43659844994544983,0.7916666865348816,0.4854813814163208
24,0.8229166865348816,0.4230020046234131,0.7916666865348816,0.4774210453033447
25,0.8333333134651184,0.410453200340271,0.7708333134651184,0.46997514367103577
26,0.8385416865348816,0.39899778366088867,0.7708333134651184,0.463270902633667
27,0.8333333134651184,0.38883137702941895,0.75,0.45729151368141174
28,0.84375,0.37985336780548096,0.75,0.45219549536705017
29,0.8489583134651184,0.3721112012863159,0.75,0.44803860783576965
30,0.84375,0.3653198182582855,0.7916666865348816,0.44445982575416565
31,0.84375,0.35938653349876404,0.7708333134651184,0.4414389431476593
32,0.8489583134651184,0.3542444705963135,0.75,0.4388192594051361
33,0.8489583134651184,0.3498053252696991,0.75,0.43692710995674133
34,0.84375,0.34591254591941833,0.75,0.43582239747047424
35,0.84375,0.34248676896095276,0.75,0.43567991256713867
36,0.84375,0.33936789631843567,0.75,0.4358638525009155
37,0.84375,0.33650633692741394,0.75,0.4358459711074829
38,0.8489583134651184,0.33392468094825745,0.75,0.43582502007484436
39,0.84375,0.3316822946071625,0.75,0.4358137547969818
40,0.84375,0.3297640383243561,0.75,0.4359593093395233
