record_id,true_label,predicted_label,class1_probability,baseline_predicted_label
50,0,0,0.034625471087279425,0
231,0,0,0.07445315659869524,0
297,0,0,0.006789551261158857,0
97,0,0,0.11201518383771557,0
285,0,0,0.040311193465555645,0
116,0,1,0.7525505336558473,0
38,1,1,0.9681501047063813,0
76,0,0,0.022916377942871817,0
51,1,1,0.9439624721633625,0
100,0,0,0.09543123975445202,0
44,1,1,0.7584298503805689,0
193,0,0,0.11382584798575729,0
137,0,0,0.16798758274540737,0
84,1,1,0.5000341897574759,0
46,1,1,0.9960557289961476,0
270,1,1,0.9381777956799763,0
71,1,1,0.7144553477193524,0
177,0,0,0.47484154891570335,0
149,1,0,0.1772819649901066,0
296,1,1,0.6174137907171784,0
200,0,0,0.1039341010880828,0
194,0,0,0.2672706112091442,0
290,1,1,0.6340945783909898,0
168,0,0,0.342223428443378,0
153,1,0,0.36637740833441956,0
8,0,0,0.33894887576125,0
189,0,0,0.26193092242761307,0
219,1,1,0.7788772955478864,0
103,0,0,0.05603804951236762,0
235,1,1,0.6410697254799905,0
105,0,0,0.02158975470336096,0
196,1,1,0.8324178853008279,0
300,1,1,0.6647560203472399,0
252,0,0,0.49311672689091196,0
291,0,0,0.05726247444488441,0
14,1,0,0.4882076432518205,0
140,0,0,0.28526491407885346,0
174,1,1,0.7938893659466498,0
165,1,1,0.7196959966500261,0
131,1,0,0.23363185230735936,0
253,0,0,0.4935328123897989,0
248,1,0,0.25424211518340745,0
212,1,1,0.7654107745826172,0
217,1,1,0.994338918800807,0
240,0,0,0.2666440857161936,0
169,0,0,0.0040946692836657415,0
204,1,1,0.8732994364529046,0
53,0,1,0.5139776523318975,0
261,1,1,0.9983608129516992,0
232,0,0,0.2101964307168683,0
299,0,0,0.15508801082330645,0
108,1,1,0.7246292043031789,0
39,0,0,0.0058984375651079295,0
109,0,1,0.6095135189095698,0
4,1,0,0.19613002537156135,0
262,1,1,0.9298440025297938,0
158,1,1,0.9611606263093643,0
207,0,0,0.004169091776434601,0
110,0,0,0.2539098924759042,0
269,1,1,0.6020240439793945,0
